Imm.0.8.0.index	Imm.0.8.0.Term	Imm.0.8.0.NES	Imm.0.8.0.FDR q-val	Imm.0.8.1.index	Imm.0.8.1.Term	Imm.0.8.1.NES	Imm.0.8.1.FDR q-val	Imm.0.8.3.index	Imm.0.8.3.Term	Imm.0.8.3.NES	Imm.0.8.3.FDR q-val	Imm.0.8.6.index	Imm.0.8.6.Term	Imm.0.8.6.NES	Imm.0.8.6.FDR q-val	Imm.1.2.12.index	Imm.1.2.12.Term	Imm.1.2.12.NES	Imm.1.2.12.FDR q-val	Imm.1.2.13.index	Imm.1.2.13.Term	Imm.1.2.13.NES	Imm.1.2.13.FDR q-val	Imm.1.2.14.index	Imm.1.2.14.Term	Imm.1.2.14.NES	Imm.1.2.14.FDR q-val	Imm.1.2.15.index	Imm.1.2.15.Term	Imm.1.2.15.NES	Imm.1.2.15.FDR q-val	Imm.1.2.4.index	Imm.1.2.4.Term	Imm.1.2.4.NES	Imm.1.2.4.FDR q-val	Imm.1.2.5.index	Imm.1.2.5.Term	Imm.1.2.5.NES	Imm.1.2.5.FDR q-val
0	chemical synaptic transmission (GO:0007268)	2.769539616000822	0.0	0.0	anterograde trans-synaptic signaling (GO:0098916)	-1.943942801127519	0.044917126832382	0.0	eosinophil chemotaxis (GO:0048245)	2.0663105907248145	0.0	0.0	cellular response to type I interferon (GO:0071357)	2.392497493902844	0.0	0.0	triglyceride catabolic process (GO:0019433)	2.0721834285030267	0.0	0.0	regulation of immune response (GO:0050776)	2.109031704872482	0.0009911636029298	0.0	SRP-dependent cotranslational protein targeting to membrane (GO:0006614)	2.1479578581868024	0.0	0.0	microtubule cytoskeleton organization involved in mitosis (GO:1902850)	2.1370381579971034	0.0	0.0	SRP-dependent cotranslational protein targeting to membrane (GO:0006614)	2.5464839253190985	0.0	0.0	regulation of sequestering of triglyceride (GO:0010889)	1.9245456909087777	0.0461248445311806
1	anterograde trans-synaptic signaling (GO:0098916)	2.7421631112473555	0.0	1.0	positive regulation of calcium ion transmembrane transporter activity (GO:1901021)	-1.965644903854312	0.0355650331863168	1.0	eosinophil migration (GO:0072677)	2.0663105907248145	0.0	1.0	type I interferon signaling pathway (GO:0060337)	2.392497493902844	0.0	1.0	regulation of T cell proliferation (GO:0042129)	2.0545468935628497	0.0	1.0	positive regulation of immune effector process (GO:0002699)	2.0852014884503136	0.0019823272058596	1.0	cytoplasmic translation (GO:0002181)	2.144696738758332	0.0	1.0	mitotic spindle organization (GO:0007052)	2.1039358472642817	0.0	1.0	cotranslational protein targeting to membrane (GO:0006613)	2.537206566822268	0.0	1.0	positive regulation of synapse assembly (GO:0051965)	-2.1689792453673884	0.0214747023830585
2	cell-cell adhesion via plasma-membrane adhesion molecules (GO:0098742)	2.5854934804913614	0.0	2.0	receptor clustering (GO:0043113)	-1.9663637892448385	0.0373759743588103	2.0	lymphocyte migration (GO:0072676)	1.9429980434352436	0.0307276076281604	2.0	defense response to symbiont (GO:0140546)	2.3614281428244417	0.0	2.0	cholesterol transport (GO:0030301)	2.0355019884873995	0.0010303967027305	2.0	leukocyte cell-cell adhesion (GO:0007159)	2.010426409463536	0.0158586176468773	2.0	nuclear-transcribed mRNA catabolic process, nonsense-mediated decay (GO:0000184)	2.1055297484826783	0.0	2.0	mitotic sister chromatid segregation (GO:0000070)	2.102291635969132	0.0	2.0	cytoplasmic translation (GO:0002181)	2.4894988221693075	0.0	2.0	positive regulation of nervous system development (GO:0051962)	-2.3818233186615125	0.0008421451914924
3	modulation of chemical synaptic transmission (GO:0050804)	2.5211418530436127	0.0	3.0	cGMP-mediated signaling (GO:0019934)	-1.9706328902178305	0.03742123937966	3.0	positive regulation of calcium ion import (GO:0090280)	1.930393999289136	0.0335210265034478	3.0	defense response to virus (GO:0051607)	2.34758114136226	0.0	3.0	cholesterol efflux (GO:0033344)	2.0146887912078046	0.0015455950540958	3.0	regulation of T cell mediated cytotoxicity (GO:0001914)	2.004897560291921	0.0133807086395527	3.0	cotranslational protein targeting to membrane (GO:0006613)	2.104463690767824	0.0	3.0	chromosome condensation (GO:0030261)	2.0866358088889725	0.0	3.0	protein targeting to ER (GO:0045047)	2.4516899437928568	0.0				
4	regulation of synapse assembly (GO:0051963)	2.4726835969576286	0.0	4.0	nerve growth factor signaling pathway (GO:0038180)	-1.97850551750784	0.0368538100111504	4.0	chemokine-mediated signaling pathway (GO:0070098)	1.9212579045254528	0.0331020136721547	4.0	negative regulation of viral process (GO:0048525)	2.2938340056255884	0.0	4.0	acylglycerol catabolic process (GO:0046464)	1.965192930441136	0.0080370942812982	4.0	positive regulation of antigen receptor-mediated signaling pathway (GO:0050857)	1.989015644035628	0.0154621522057054	4.0	protein targeting to ER (GO:0045047)	2.07702433696973	0.0	4.0	centromere complex assembly (GO:0034508)	2.065624690686756	0.0	4.0	nuclear-transcribed mRNA catabolic process, nonsense-mediated decay (GO:0000184)	2.3956051343442915	0.0				
5	glutamate receptor signaling pathway (GO:0007215)	2.429264832873252	0.0	5.0	cAMP-mediated signaling (GO:0019933)	-1.9794346978252613	0.0388490274658928	5.0	regulation of platelet activation (GO:0010543)	1.9059101010314263	0.0420758718090152	5.0	positive regulation of cytokine-mediated signaling pathway (GO:0001961)	2.2758450138274773	0.0	5.0	fatty acid transport (GO:0015908)	1.9608572729574405	0.0073845097029022	5.0	interferon-gamma-mediated signaling pathway (GO:0060333)	1.974992540296804	0.0193276902571317	5.0	response to cadmium ion (GO:0046686)	1.9659364449618275	0.0004970352312526	5.0	sister chromatid segregation (GO:0000819)	2.0522753470301187	0.0	5.0	regulation of immune effector process (GO:0002697)	2.309292047116012	0.0001782808749047				
6	synapse assembly (GO:0007416)	2.418655551577231	0.0	6.0	modulation of excitatory postsynaptic potential (GO:0098815)	-1.994052777630863	0.0346277409500742	6.0	zinc ion homeostasis (GO:0055069)	1.894499034329443	0.0459417640024932	6.0	regulation of viral genome replication (GO:0045069)	2.274713344925376	0.0	6.0	intestinal lipid absorption (GO:0098856)	1.9471557038108989	0.0103039670273055	6.0	innate immune response (GO:0045087)	1.9660318588424412	0.0201064616594337	6.0	antimicrobial humoral immune response mediated by antimicrobial peptide (GO:0061844)	1.9583351432362703	0.0005680402642886	6.0	cytoskeleton-dependent cytokinesis (GO:0061640)	2.037748522710624	0.0001286403015176	6.0	regulation of humoral immune response (GO:0002920)	2.301294562360966	0.0001528121784898				
7	neurotransmitter secretion (GO:0007269)	2.4010787470987958	0.0	7.0	chemical synaptic transmission (GO:0007268)	-1.999585878887036	0.0345516360249092	7.0	G protein-coupled receptor signaling pathway, coupled to cyclic nucleotide second messenger (GO:0007187)	1.8924727288349643	0.0416394001097515	7.0	negative regulation of viral genome replication (GO:0045071)	2.2269767828241003	0.0	7.0	regulation of macrophage derived foam cell differentiation (GO:0010743)	1.9460446981403463	0.0096599690880989	7.0	T cell activation (GO:0042110)	1.9558291028690191	0.0229206583177523	7.0	cellular response to cadmium ion (GO:0071276)	1.9523802527469112	0.0007455528468789	7.0	mitotic chromosome condensation (GO:0007076)	2.0206501701779422	0.0001125602638279	7.0	receptor-mediated endocytosis (GO:0006898)	2.227893878431088	0.0005348426247143				
8	calcium-dependent cell-cell adhesion via plasma membrane cell adhesion molecules (GO:0016339)	2.33261650758054	0.0	8.0	positive regulation of synapse assembly (GO:0051965)	-2.001416252877832	0.0363591279975779	8.0	positive regulation of lymphocyte chemotaxis (GO:0140131)	1.8884160452502596	0.0401553963322552	8.0	interferon-gamma-mediated signaling pathway (GO:0060333)	2.2055168354785484	0.0	8.0	iron ion transport (GO:0006826)	1.9240300335247285	0.0148835079283301	8.0	Fc-gamma receptor signaling pathway involved in phagocytosis (GO:0038096)	1.942613095684229	0.0292943909310372	8.0	T cell activation (GO:0042110)	1.9507075063365733	0.0006627136416701	8.0	mitotic nuclear division (GO:0140014)	2.0177245240669093	0.000100053567847	8.0	regulation of complement activation (GO:0030449)	2.210700911988878	0.0008319774162222				
9	regulation of neurotransmitter receptor activity (GO:0099601)	2.332191146353414	0.0	9.0	synaptic transmission, glutamatergic (GO:0035249)	-2.005127185901789	0.0370561799257937	9.0	regulation of acute inflammatory response (GO:0002673)	1.8791004211831568	0.0448343729483614	9.0	negative regulation of cytokine-mediated signaling pathway (GO:0001960)	2.1775764203038324	0.0	9.0	intracellular pH reduction (GO:0051452)	1.91108192692758	0.0181349819680577	9.0	immune response-regulating cell surface receptor signaling pathway (GO:0002768)	1.9381953479564265	0.029536675367309	9.0	regulation of natural killer cell mediated cytotoxicity (GO:0042269)	1.9064035771352408	0.0019881409250104	9.0	chromatin remodeling at centromere (GO:0031055)	2.0049480562063327	0.0001800964221246	9.0	peptide biosynthetic process (GO:0043043)	2.180052236920449	0.0014975593492				
10	synaptic transmission, glutamatergic (GO:0035249)	2.3296293939108548	0.0	10.0	regulation of axonogenesis (GO:0050770)	-2.0120915787431985	0.0373979602260802	10.0	positive regulation of calcium-mediated signaling (GO:0050850)	1.8739709940196032	0.0462818718201012	10.0	negative regulation of innate immune response (GO:0045824)	2.1674726808176565	0.0	10.0	negative regulation of lipid storage (GO:0010888)	1.904027641124566	0.0216383307573415	10.0	innate immune response activating cell surface receptor signaling pathway (GO:0002220)	1.9355737319123745	0.0285635329207961	10.0	peptide biosynthetic process (GO:0043043)	1.902492858216662	0.0018977708829644	10.0	mitotic metaphase plate congression (GO:0007080)	2.00021119995658	0.0002455860301699	10.0	nuclear-transcribed mRNA catabolic process (GO:0000956)	2.172082183700856	0.0015559058173506				
11	positive regulation of synapse assembly (GO:0051965)	2.318502416408724	0.0	11.0	neuron cell-cell adhesion (GO:0007158)	-2.0288695137125994	0.0316596488686393	11.0	fibrinolysis (GO:0042730)	1.8718976907880047	0.0441709359654807	11.0	cellular response to interferon-gamma (GO:0071346)	2.151634107167617	0.0	11.0	long-chain fatty acid transport (GO:0015909)	1.9027475754129992	0.0204362012708226	11.0	Fc-gamma receptor signaling pathway (GO:0038094)	1.935371754665231	0.0262658354776405	11.0	regulation of T cell activation (GO:0050863)	1.8863360023706892	0.0040591210552295	11.0	mitotic cytokinesis (GO:0000281)	1.9983586494594363	0.0002251205276558	11.0	regulation of B cell activation (GO:0050864)	2.049260207605928	0.0219285476132863				
12	signal release from synapse (GO:0099643)	2.304093150164296	0.0	12.0	regulation of neurotransmitter receptor activity (GO:0099601)	-2.0656968591096745	0.020281962556472	12.0	monocyte chemotaxis (GO:0002548)	1.8653140277008988	0.0470583641298402	12.0	regulation of type I interferon-mediated signaling pathway (GO:0060338)	2.088344499939316	0.0001542331820922	12.0	insulin receptor signaling pathway (GO:0008286)	1.902081636166488	0.0190227083581024	12.0	Fc receptor mediated stimulatory signaling pathway (GO:0002431)	1.9332272189738249	0.0251603068436034	12.0	antibacterial humoral response (GO:0019731)	1.8548615700297213	0.0098642376663978	12.0	positive regulation of cell cycle process (GO:0090068)	1.9949156730439568	0.0002078035639899	12.0	positive regulation of substrate adhesion-dependent cell spreading (GO:1900026)	2.011546559664015	0.0449267804760013				
13	positive regulation of nervous system development (GO:0051962)	2.29662594830288	4.790037305776749e-05	13.0	central nervous system neuron development (GO:0021954)	-2.0729768982959937	0.0202112936973902					13.0	positive regulation of response to biotic stimulus (GO:0002833)	2.070896204627885	0.0002148247893427	13.0	reverse cholesterol transport (GO:0043691)	1.891557952810883	0.0220063295797453	13.0	regulation of B cell proliferation (GO:0030888)	1.93289077162415	0.0235047368694789	13.0	response to interleukin-4 (GO:0070670)	1.8516557563946456	0.0097986945589798	13.0	CENP-A containing chromatin organization (GO:0061641)	1.9853470855558588	0.0001800964221246	13.0	translation (GO:0006412)	2.0040267849037683	0.0476773996888177				
14	synapse organization (GO:0050808)	2.2959035753519133	4.470701485391632e-05	14.0	regulation of synapse assembly (GO:0051963)	-2.109582397542677	0.013191520361933					14.0	positive regulation of innate immune response (GO:0045089)	2.038655175227658	0.0008020125468796	14.0	vacuolar acidification (GO:0007035)	1.890458493882464	0.0212948651897647	14.0	cellular response to lectin (GO:1990858)	1.931532203568148	0.0218675469896394	14.0	superoxide anion generation (GO:0042554)	1.850991228814333	0.0092117196192148	14.0	CENP-A containing nucleosome assembly (GO:0034080)	1.9853470855558588	0.0001800964221246	14.0	purine nucleotide catabolic process (GO:0006195)	1.990397925396495	0.0498347480910266				
15	regulation of cation channel activity (GO:2001257)	2.2906388353843363	4.191282642554655e-05	15.0	regulation of NMDA receptor activity (GO:2000310)	-2.1327281906405906	0.0093000218551628					15.0	negative regulation of type I interferon-mediated signaling pathway (GO:0060339)	2.022989733652533	0.0012531446044995	15.0	negative regulation of macrophage derived foam cell differentiation (GO:0010745)	1.887646245898232	0.0213807315816589	15.0	stimulatory C-type lectin receptor signaling pathway (GO:0002223)	1.931532203568148	0.0218675469896394	15.0	mucosal immune response (GO:0002385)	1.847206438591194	0.0096921870094257	15.0	regulation of cell cycle process (GO:0010564)	1.965338046974816	0.0003376807914837	15.0	cell-cell adhesion via plasma-membrane adhesion molecules (GO:0098742)	-2.057135350314402	0.0260481185890925				
16	neuron cell-cell adhesion (GO:0007158)	2.2812851171169206	3.944736604757322e-05	16.0	regulation of MHC class II biosynthetic process (GO:0045346)	-2.149059202710586	0.009151617251091					16.0	response to interferon-gamma (GO:0034341)	2.0170778478712355	0.0014153162591994	16.0	acute inflammatory response (GO:0002526)	1.886750617526978	0.020607934054611	16.0	regulation of T cell receptor signaling pathway (GO:0050856)	1.9306866894818977	0.0208727394028753	16.0	positive regulation of natural killer cell mediated cytotoxicity (GO:0045954)	1.8449360249892903	0.0094144320272551	16.0	mitotic spindle assembly (GO:0090307)	1.944060822647504	0.0013242383979754	16.0	homophilic cell adhesion via plasma membrane adhesion molecules (GO:0007156)	-2.0673011789704354	0.0315241435197541				
17	regulation of potassium ion transport (GO:0043266)	2.2689183338109515	7.451169142319388e-05	17.0	regulation of cation channel activity (GO:2001257)	-2.17861146346183	0.0059361841628698					17.0	regulation of interferon-gamma-mediated signaling pathway (GO:0060334)	2.002510317878849	0.0021164219987102	17.0	secretory granule organization (GO:0033363)	1.8812524712124128	0.0216955750186043	17.0	positive regulation of interleukin-2 production (GO:0032743)	1.925070652524316	0.022246116421314	17.0	retina homeostasis (GO:0001895)	1.8402900350097824	0.0108243228139455	17.0	histone exchange (GO:0043486)	1.9417795896282628	0.0013006963820114	17.0	acylglycerol catabolic process (GO:0046464)	-2.125598436667561	0.0177600808561994				
18	nervous system development (GO:0007399)	2.1847996099213693	0.0005647201876284	18.0	glutamate receptor signaling pathway (GO:0007215)	-2.234635376895961	0.0029680920814349					18.0	protein mono-ADP-ribosylation (GO:0140289)	1.9878292722145472	0.0029020190841041	18.0	regulation of sequestering of triglyceride (GO:0010889)	1.8809246301484417	0.020607934054611	18.0	regulation of interleukin-8 production (GO:0032677)	1.9204143318052245	0.0238400929757333	18.0	positive regulation of natural killer cell mediated immunity (GO:0002717)	1.838645502084189	0.0107254970954508	18.0	DNA replication-independent nucleosome assembly (GO:0006336)	1.936497285648002	0.0017061766306546								
19	cell junction assembly (GO:0034329)	2.184130616003773	0.0006035447005278	19.0	cyclic-nucleotide-mediated signaling (GO:0019935)	-2.2626909034735654	0.0039574561085799					19.0	positive regulation of type I interferon production (GO:0032481)	1.985177824552436	0.0028070439140789	19.0	transferrin transport (GO:0033572)	1.879749616440845	0.0198351365275631	19.0	inflammatory response (GO:0006954)	1.9179493648852248	0.0242339500916344	19.0	nuclear-transcribed mRNA catabolic process (GO:0000956)	1.835522286349636	0.0108353680413067	19.0	positive regulation of cytokinesis (GO:0032467)	1.936079816027792	0.0017109160101842								
20	neurotransmitter transport (GO:0006836)	2.1788829368311338	0.0006067380587317									20.0	NAD biosynthesis via nicotinamide riboside salvage pathway (GO:0034356)	1.9834965598261587	0.0028165916824941	20.0	response to glucocorticoid (GO:0051384)	1.8758078729466592	0.0208532666028802	20.0	regulation of neutrophil chemotaxis (GO:0090022)	1.889979267999914	0.0436111985289126	20.0	regulation of T cell receptor signaling pathway (GO:0050856)	1.832805446114622	0.0111241218423201	20.0	positive regulation of cell division (GO:0051781)	1.9360686763949249	0.0016294438192231								
21	presynapse assembly (GO:0099054)	2.1704450599279275	0.0006096411116443									21.0	protein ADP-ribosylation (GO:0006471)	1.9613687005225668	0.0046024583656163	21.0	regulation of cholesterol efflux (GO:0010874)	1.87530115790654	0.0200927357032457					21.0	positive regulation of antigen receptor-mediated signaling pathway (GO:0050857)	1.8217221874670728	0.0152273520847388	21.0	kinetochore organization (GO:0051383)	1.9271751784355864	0.0019646882413599								
22	cell-cell junction organization (GO:0045216)	2.153927008378616	0.000758075469262									22.0	regulation of type I interferon production (GO:0032479)	1.9502467634796368	0.0059715064631802	22.0	phagosome maturation (GO:0090382)	1.872543802961675	0.0206527339112514					22.0	positive regulation of cell-cell adhesion (GO:0022409)	1.8202490555641304	0.0151271592120357	22.0	regulation of mitotic metaphase/anaphase transition (GO:0030071)	1.9146917989615493	0.0033278686696948								
23	positive regulation of synaptic transmission (GO:0050806)	2.14719710855532	0.0008103146442272									23.0	detection of light stimulus involved in sensory perception (GO:0050962)	1.936858560494935	0.007579018568013	23.0	positive regulation of cholesterol efflux (GO:0010875)	1.8719416253488044	0.0200927357032457					23.0	response to copper ion (GO:0046688)	1.81626319102813	0.0159051274000832	23.0	regulation of mitotic nuclear division (GO:0007088)	1.913708180962912	0.00341432800278								
24	regulation of postsynaptic membrane potential (GO:0060078)	2.142723838239234	0.0008315504762828									24.0	detection of light stimulus involved in visual perception (GO:0050908)	1.936858560494935	0.007579018568013	24.0	positive regulation of cholesterol transport (GO:0032376)	1.870832541763935	0.019866048428645					24.0	cellular defense response (GO:0006968)	1.8149956401857816	0.015865364581583	24.0	protein localization to chromosome, centromeric region (GO:0071459)	1.904511170650525	0.0045024105531165								
25	modulation of excitatory postsynaptic potential (GO:0098815)	2.1283264933041317	0.0012122479027696									25.0	positive regulation of interferon-beta production (GO:0032728)	1.9351294226417184	0.0074417510359509	25.0	negative regulation of T cell proliferation (GO:0042130)	1.866616830930784	0.0207268259818491					25.0	defense response to bacterium (GO:0042742)	1.8122477973119444	0.0162874621933545	25.0	negative regulation of mitotic metaphase/anaphase transition (GO:0045841)	1.8999261673733725	0.0052643569544131								
26	regulation of synaptic transmission, glutamatergic (GO:0051966)	2.1264180445775707	0.0012418615237198									26.0	positive regulation of tyrosine phosphorylation of STAT protein (GO:0042531)	1.9268961455544904	0.0087627296788706	26.0	cellular response to insulin stimulus (GO:0032869)	1.8637905516317637	0.0212185395080809					26.0	positive regulation of T cell receptor signaling pathway (GO:0050862)	1.804184987196336	0.0190346084857478	26.0	apoptotic nuclear changes (GO:0030262)	1.893958469647232	0.0064367795314925								
27	positive regulation of cell communication (GO:0010647)	2.1116705042802315	0.0015328119378485									27.0	regulation of RIG-I signaling pathway (GO:0039535)	1.9167966485508088	0.0108844559933671	27.0	toll-like receptor signaling pathway (GO:0002224)	1.855329853655176	0.0248399205122543					27.0	T cell differentiation (GO:0030217)	1.801478468955241	0.0199524142831401	27.0	mitotic spindle assembly checkpoint signaling (GO:0007094)	1.889207508887459	0.0068736801110912								
28	axonogenesis (GO:0007409)	2.110799620771158	0.0014799563537848									28.0	positive regulation of defense response to virus by host (GO:0002230)	1.9135565507070469	0.0114770761018989	28.0	positive regulation of leukocyte migration (GO:0002687)	1.8530799168700756	0.0250492991525875					28.0	peptide cross-linking (GO:0018149)	1.8001760136473723	0.0197785743746725	28.0	mitotic spindle checkpoint signaling (GO:0071174)	1.889207508887459	0.0068736801110912								
29	regulation of presynapse organization (GO:0099174)	2.108259406134873	0.001492637431413									29.0	NAD biosynthetic process (GO:0009435)	1.9123493167463024	0.0112950100352222	29.0	phagosome acidification (GO:0090383)	1.847636636749336	0.0266529280439635					29.0	cellular response to interleukin-4 (GO:0071353)	1.7996940834848834	0.0192849669726009	29.0	spindle assembly checkpoint signaling (GO:0071173)	1.889207508887459	0.0068736801110912								
30	regulation of presynapse assembly (GO:1905606)	2.108259406134873	0.001492637431413									30.0	positive regulation of interferon-alpha production (GO:0032727)	1.909555128013116	0.0114480823223955	30.0	cellular response to glucocorticoid stimulus (GO:0071385)	1.8389711810620744	0.0302803676189526					30.0	cellular response to copper ion (GO:0071280)	1.7984755042828444	0.0191118063113903	30.0	interstrand cross-link repair (GO:0036297)	1.8890464740504969	0.0066809963046245								
31	regulation of dendrite development (GO:0050773)	2.1080002007528984	0.0014459925116813									31.0	interleukin-27-mediated signaling pathway (GO:0070106)	1.887680655810048	0.0177633247687805	31.0	wound healing, spreading of cells (GO:0044319)	1.8349001148784945	0.0316846986089644					31.0	regulation of lymphocyte activation (GO:0051249)	1.7922038308472092	0.0215278384536283	31.0	regulation of cytokinesis (GO:0032465)	1.8880238205493536	0.0066410555658468								
32	potassium ion transmembrane transport (GO:0071805)	2.1068658990703737	0.0014021745567819									32.0	negative regulation of leukocyte apoptotic process (GO:2000107)	1.8715261590837404	0.0239692386169724	32.0	sterol homeostasis (GO:0055092)	1.8276981436823712	0.0352832810328946					32.0	positive regulation of viral life cycle (GO:1903902)	1.7914193120427044	0.0211164664913984	32.0	establishment of mitotic spindle localization (GO:0040001)	1.874874744811691	0.0104510499505674								
33	potassium ion transport (GO:0006813)	2.106809358343546	0.0013609341286412									33.0	response to interferon-beta (GO:0035456)	1.8651270591131397	0.0258295217303899	33.0	neutrophil activation involved in immune response (GO:0002283)	1.8247374319911904	0.0367609176591811					33.0	granulocyte chemotaxis (GO:0071621)	1.7748162864280723	0.0294712654766248	33.0	regulation of nuclear division (GO:0051783)	1.8711522065628208	0.0114414197585078								
34	homophilic cell adhesion via plasma membrane adhesion molecules (GO:0007156)	2.0903514036659647	0.001801054026972									34.0	regulation of innate immune response (GO:0045088)	1.862485837179663	0.0265523439627667	34.0	secondary alcohol metabolic process (GO:1902652)	1.8225195997716723	0.0370648413925075					34.0	water transport (GO:0006833)	1.7739937146568567	0.0290836615315808	34.0	recombinational repair (GO:0000725)	1.8702691983052888	0.0115004429556747								
35	regulation of trans-synaptic signaling (GO:0099177)	2.086346592115787	0.0019931877455704									35.0	regulation of interferon-alpha production (GO:0032647)	1.860479886999686	0.0271236187729449	35.0	pattern recognition receptor signaling pathway (GO:0002221)	1.8214650569684707	0.0367221936000915					35.0	positive regulation of T cell proliferation (GO:0042102)	1.7713606279062768	0.0298773400119619	35.0	negative regulation of cell cycle process (GO:0010948)	1.8615018389396372	0.0145077673378199								
36	adherens junction organization (GO:0034332)	2.083808091366444	0.0020661890648701									36.0	regulation of interferon-beta production (GO:0032648)	1.8519257032081744	0.0313218413578688	36.0	positive regulation of vascular endothelial growth factor production (GO:0010575)	1.818133545182072	0.0381803751200969					36.0	rRNA metabolic process (GO:0016072)	1.7702900242927708	0.0296877800288716	36.0	microtubule depolymerization (GO:0007019)	1.858879906528581	0.0153812079436197								
37	regulation of cation transmembrane transport (GO:1904062)	2.079914466268843	0.0021529957153333									37.0	positive regulation of pattern recognition receptor signaling pathway (GO:0062208)	1.84921127146169	0.0320541198835137	37.0	neutrophil mediated immunity (GO:0002446)	1.8175646890741093	0.0375823639469616					37.0	regulation of viral entry into host cell (GO:0046596)	1.7688760832659969	0.0297436346281162	37.0	attachment of mitotic spindle microtubules to kinetochore (GO:0051315)	1.8487267521106152	0.0200949692054885								
38	positive regulation of excitatory postsynaptic potential (GO:2000463)	2.074802558548257	0.002338520776974									38.0	regulation of tyrosine phosphorylation of STAT protein (GO:0042509)	1.846005950837708	0.0334686005140177	38.0	neutrophil degranulation (GO:0043312)	1.816156684440222	0.0374113264376015					38.0	positive regulation of stem cell differentiation (GO:2000738)	1.763233890348576	0.0328043252626717	38.0	regulation of cell cycle G2/M phase transition (GO:1902749)	1.841154884194559	0.0244515526961559								
39	synaptic membrane adhesion (GO:0099560)	2.0688543675833304	0.0025985952383838													39.0	regulation of vasculature development (GO:1901342)	1.8138807342926533	0.0379185986604842					39.0	fluid transport (GO:0042044)	1.7625854219433392	0.0324315488392323	39.0	DNA integrity checkpoint signaling (GO:0031570)	1.8390422731612024	0.0255962039944674								
40	chloride transmembrane transport (GO:1902476)	2.0655784454572634	0.0026169959914487													40.0	high-density lipoprotein particle remodeling (GO:0034375)	1.8118783479683915	0.0382252045086138					40.0	regulation of cell-cell adhesion mediated by integrin (GO:0033632)	1.762278678511778	0.0319072372843134	40.0	regulation of chromosome segregation (GO:0051983)	1.8381715559753928	0.0256307956853023								
41	heterophilic cell-cell adhesion via plasma membrane cell adhesion molecules (GO:0007157)	2.064758855399245	0.0025706533541001													41.0	regulation of vascular endothelial growth factor production (GO:0010574)	1.8111191717973385	0.0376585461593189					41.0	cellular zinc ion homeostasis (GO:0006882)	1.754808212358825	0.0373249790326359	41.0	resolution of meiotic recombination intermediates (GO:0000712)	1.8345783559808209	0.0277863051278048								
42	regulation of NMDA receptor activity (GO:2000310)	2.057757779797191	0.0027603982427243													42.0	negative regulation of lymphocyte proliferation (GO:0050672)	1.802990987314918	0.0433006242287001					42.0	positive regulation of T cell activation (GO:0050870)	1.754095399400193	0.0370117862900193	42.0	establishment of mitotic spindle orientation (GO:0000132)	1.8316838663012445	0.0290457834287098								
43	regulation of release of sequestered calcium ion into cytosol by sarcoplasmic reticulum (GO:0010880)	2.055882015225237	0.0027891080857727													43.0	cholesterol homeostasis (GO:0042632)	1.8027209995199027	0.0425975364151562					43.0	regulation of immune response (GO:0050776)	1.7538852704102934	0.0363739419234859	43.0	regulation of cyclin-dependent protein kinase activity (GO:1904029)	1.8316498244424373	0.0283856519871483								
44	axon development (GO:0061564)	2.0278930977344776	0.0041428500431295													44.0	triglyceride metabolic process (GO:0006641)	1.8014473776114848	0.0426355257885397					44.0	neutrophil migration (GO:1990266)	1.7532459650757375	0.036029531652133	44.0	retrograde vesicle-mediated transport, Golgi to endoplasmic reticulum (GO:0006890)	1.825144386084086	0.032417355982439								
45	neuronal action potential (GO:0019228)	2.025254068365499	0.0042423069529857													45.0	lipid catabolic process (GO:0016042)	1.8005646310250187	0.0425374638801155					45.0	positive regulation of leukocyte cell-cell adhesion (GO:1903039)	1.7508188738590684	0.0372344218890536	45.0	cellular response to radiation (GO:0071478)	1.823602996723594	0.0330437783202639								
46	cardiac muscle cell action potential (GO:0086001)	2.022708573376056	0.0043232634576819													46.0	cellular response to low-density lipoprotein particle stimulus (GO:0071404)	1.794961974730365	0.046477468293378					46.0	activation of cysteine-type endopeptidase activity involved in apoptotic process (GO:0006919)	1.7495890369024665	0.0374997219153559	46.0	microtubule polymerization or depolymerization (GO:0031109)	1.8136767012970865	0.0405791725595779								
47	regulation of cardiac muscle cell contraction (GO:0086004)	2.011803274205368	0.0049596844603563													47.0	cGMP-mediated signaling (GO:0019934)	1.7907515012562585	0.0496093079168813					47.0	innate immune response in mucosa (GO:0002227)	1.748745923269987	0.037153383536132	47.0	establishment of spindle orientation (GO:0051294)	1.812470949119788	0.0409344159454177								
48	detection of calcium ion (GO:0005513)	2.001650010356058	0.0057069873043111													48.0	positive regulation of p38MAPK cascade (GO:1900745)	1.7892835783503152	0.0490880989180834					48.0	positive regulation of intrinsic apoptotic signaling pathway (GO:2001244)	1.7431140406022445	0.0411220577040418	48.0	regulation of chromosome organization (GO:0033044)	1.8122903521971627	0.0403379231187378								
49	cardiac muscle cell action potential involved in contraction (GO:0086002)	1.994463107099091	0.0062500406765775													49.0	phospholipid homeostasis (GO:0055091)	1.7886178660012224	0.0489135375943267					49.0	translation (GO:0006412)	1.7424918587387783	0.0408165331904637	49.0	positive regulation of mitotic cell cycle phase transition (GO:1901992)	1.812278257377675	0.0395311646563631								
50	heart contraction (GO:0060047)	1.989098843634646	0.0065351136418812													50.0	cellular response to amino acid starvation (GO:0034198)	1.7875376741203015	0.0491221812705583					50.0	negative regulation of interleukin-8 production (GO:0032717)	1.739482723828427	0.0430179119754703	50.0	regulation of attachment of spindle microtubules to kinetochore (GO:0051988)	1.8091986846106904	0.041245611968942								
51	synaptic vesicle cycle (GO:0099504)	1.9880779456260484	0.0064997121595309													51.0	regulation of B cell receptor signaling pathway (GO:0050855)	1.7847982268984637	0.0497834258782223					51.0	positive regulation of leukocyte mediated cytotoxicity (GO:0001912)	1.7360607097155665	0.0452110893043232	51.0	mitotic cell cycle checkpoint signaling (GO:0007093)	1.808434483204552	0.0413009583430112								
52	neuropeptide signaling pathway (GO:0007218)	1.9836148047231053	0.0068072756579453													52.0	synaptic transmission, glutamatergic (GO:0035249)	-2.0206647747660624	0.0369156837046745									52.0	double-strand break repair via homologous recombination (GO:0000724)	1.8057655025647437	0.0434100338234442								
53	axon guidance (GO:0007411)	1.974746225692265	0.0073766574508961													53.0	regulation of ventricular cardiac muscle cell action potential (GO:0098911)	-2.1123501501699424	0.0095054149134303									53.0	regulation of exit from mitosis (GO:0007096)	1.8026060564865816	0.045674453722171								
54	action potential (GO:0001508)	1.973894072435666	0.0073766574508961													54.0	regulation of NMDA receptor activity (GO:2000310)	-2.112879357933054	0.0118817686417879									54.0	regulation of mitotic cell cycle spindle assembly checkpoint (GO:0090266)	1.798474507894104	0.0499030813305424								
55	regulation of potassium ion transmembrane transport (GO:1901379)	1.9723039430618925	0.007400607637425													55.0	cell-cell adhesion via plasma-membrane adhesion molecules (GO:0098742)	-2.243157751243467	0.0017934745119679									55.0	DNA-dependent DNA replication maintenance of fidelity (GO:0045005)	1.798317355207857	0.0491727552551083								
56	heart process (GO:0003015)	1.9720818581277344	0.0073060674274426													56.0	regulation of heart rate by cardiac conduction (GO:0086091)	-2.247067084668308	0.0022418431399599																				
57	adenylate cyclase-inhibiting G protein-coupled receptor signaling pathway (GO:0007193)	1.9632285432548384	0.0083478788080674													57.0	cellular potassium ion homeostasis (GO:0030007)	-2.346363535203749	0.0																				
58	central nervous system development (GO:0007417)	1.962389010138255	0.0083086850486981																																				
59	chemical synaptic transmission, postsynaptic (GO:0099565)	1.9619376374740884	0.0082260907331206																																				
60	synaptic vesicle exocytosis (GO:0016079)	1.959728941839467	0.0083111073515313																																				
61	excitatory postsynaptic potential (GO:0060079)	1.945212252853036	0.0103186674606377																																				
62	muscle cell differentiation (GO:0042692)	1.9426376757681052	0.0105593711274011																																				
63	central nervous system neuron differentiation (GO:0021953)	1.935501203084849	0.0115050708538125																																				
64	G protein-coupled glutamate receptor signaling pathway (GO:0007216)	1.9245837767612173	0.0131748133773348																																				
65	sensory perception of smell (GO:0007608)	1.923950920170751	0.0130361591039942																																				
66	response to alcohol (GO:0097305)	1.923075425769596	0.0130417702286536																																				
67	calcium ion transport into cytosol (GO:0060402)	1.9053638079188384	0.0163213477021834																																				
68	regulation of sodium ion transmembrane transporter activity (GO:2000649)	1.9050724166660415	0.0161819955938631																																				
69	sodium ion transport (GO:0006814)	1.8947598169330837	0.0178764192251588																																				
70	sodium ion transmembrane transport (GO:0035725)	1.8941468155794807	0.0177946512643897																																				
71	regulation of cardiac muscle contraction by regulation of the release of sequestered calcium ion (GO:0010881)	1.893963835705608	0.0176220150215853																																				
72	positive regulation of cation transmembrane transport (GO:1904064)	1.892257808606852	0.0178307498283804																																				
73	atrial cardiac muscle cell action potential (GO:0086014)	1.8914719305754968	0.0178072873353943																																				
74	positive regulation of cell junction assembly (GO:1901890)	1.884724422817515	0.018973657104002																																				
75	membrane depolarization during cardiac muscle cell action potential (GO:0086012)	1.87273906924474	0.0218740835176694																																				
76	regulation of dendrite morphogenesis (GO:0048814)	1.8725435493005904	0.0216683869395864																																				
77	cell differentiation in spinal cord (GO:0021515)	1.8693895380061516	0.0222073498783972																																				
78	negative chemotaxis (GO:0050919)	1.8636152079257315	0.0235730468827833																																				
79	calcium ion-regulated exocytosis of neurotransmitter (GO:0048791)	1.862096434841183	0.0237226597568593																																				
80	receptor clustering (GO:0043113)	1.8605490339317632	0.0238106249481228																																				
81	protein localization to synapse (GO:0035418)	1.859985760700667	0.0237247042849776																																				
82	positive regulation of calcium ion transmembrane transport (GO:1904427)	1.8583927068522423	0.0238186047812069																																				
83	regulation of heart rate by cardiac conduction (GO:0086091)	1.8572533213763391	0.0238543857827682																																				
84	regulation of cardiac muscle contraction by calcium ion signaling (GO:0010882)	1.850136888070654	0.0255461142524084																																				
85	inorganic anion transmembrane transport (GO:0098661)	1.849697175554457	0.0253972233800939																																				
86	detection of mechanical stimulus involved in sensory perception (GO:0050974)	1.8350184873914217	0.0291443488211478																																				
87	regulation of ryanodine-sensitive calcium-release channel activity (GO:0060314)	1.8349471406824531	0.0288207835529849																																				
88	ventricular septum morphogenesis (GO:0060412)	1.826933694823556	0.0312547243169738																																				
89	neuron projection fasciculation (GO:0106030)	1.82679674297446	0.0309298031097677																																				
90	synaptic transmission, GABAergic (GO:0051932)	1.8237623462189896	0.0314742297430346																																				
91	regulation of dendritic spine morphogenesis (GO:0061001)	1.8212239983317515	0.0321526047587975																																				
92	long-term synaptic potentiation (GO:0060291)	1.821124032241975	0.0318140886347546																																				
93	mesonephric tubule development (GO:0072164)	1.8205094767064167	0.0317182002192306																																				
94	regulation of neuron projection development (GO:0010975)	1.8197924977723023	0.0315537404837377																																				
95	regulation of exocytosis (GO:0017157)	1.8094755895856145	0.0350391228917569																																				
96	neuron migration (GO:0001764)	1.8026601874798944	0.0371805658584064																																				
97	positive regulation of potassium ion transport (GO:0043268)	1.8007542755264598	0.0374854633729214																																				
98	cell morphogenesis involved in neuron differentiation (GO:0048667)	1.7950790270956671	0.03930153033067																																				
99	positive regulation of signaling (GO:0023056)	1.78642472262104	0.0426840224317766																																				
100	detection of chemical stimulus involved in sensory perception of taste (GO:0050912)	1.7855041593695429	0.0427062652782757																																				
101	chloride transport (GO:0006821)	1.78098572235617	0.0443717122425119																																				
102	negative regulation of voltage-gated calcium channel activity (GO:1901386)	1.775914911109027	0.0463303569466701																																				
103	neuromuscular synaptic transmission (GO:0007274)	1.775492702301957	0.0461492459580979																																				
104	inorganic cation transmembrane transport (GO:0098662)	1.772685146182361	0.0469423655966121																																				
105	positive regulation of dendrite development (GO:1900006)	1.7698717974844245	0.0479166411089946																																				
106	positive regulation of transcription of Notch receptor target (GO:0007221)	-1.724857176822207	0.0493094520351561																																				
107	regulation of protein metabolic process (GO:0051246)	-1.726491673024387	0.0486240085787197																																				
108	regulation of RNA splicing (GO:0043484)	-1.7268379010269854	0.0486692507997342																																				
109	cellular response to molecule of bacterial origin (GO:0071219)	-1.7268652137481024	0.0489125970537328																																				
110	adaptive immune response based on somatic recombination of immune receptors built from immunoglobulin superfamily domains (GO:0002460)	-1.7277550895483358	0.0486493616091703																																				
111	histone methylation (GO:0016571)	-1.7287961968479495	0.0483897062235886																																				
112	macrophage activation (GO:0042116)	-1.729461610331238	0.0482277455096121																																				
113	gene expression (GO:0010467)	-1.7350816793403177	0.0453287750218986																																				
114	regulation of transcription from RNA polymerase II promoter in response to stress (GO:0043618)	-1.7363004737406609	0.045003751376238																																				
115	negative regulation of interferon-beta production (GO:0032688)	-1.7365916874691976	0.0451529501288197																																				
116	androgen receptor signaling pathway (GO:0030521)	-1.7395534587866477	0.0438443501878894																																				
117	regulation of I-kappaB kinase/NF-kappaB signaling (GO:0043122)	-1.7397546970087217	0.043924724829239																																				
118	TRIF-dependent toll-like receptor signaling pathway (GO:0035666)	-1.739805954919066	0.0441482295531233																																				
119	positive regulation of programmed cell death (GO:0043068)	-1.73998406016572	0.0443090699810834																																				
120	T cell activation involved in immune response (GO:0002286)	-1.741227591345812	0.0438833635825648																																				
121	response to zinc ion (GO:0010043)	-1.7414315845350257	0.043978797570163																																				
122	regulation of transcription from RNA polymerase II promoter in response to hypoxia (GO:0061418)	-1.7422117683015694	0.0437978001146972																																				
123	positive regulation of cell-matrix adhesion (GO:0001954)	-1.7424174635263994	0.0439004417747399																																				
124	regulation of granulocyte macrophage colony-stimulating factor production (GO:0032645)	-1.744074936801617	0.0432229350182507																																				
125	receptor signaling pathway via JAK-STAT (GO:0007259)	-1.7445003232791363	0.0432765721144471																																				
126	regulation of type I interferon production (GO:0032479)	-1.7447658502495824	0.0433712977876731																																				
127	regulation of fatty acid metabolic process (GO:0019217)	-1.7456969197743732	0.043100540124142																																				
128	response to interferon-alpha (GO:0035455)	-1.745725685269138	0.0433386646552146																																				
129	negative regulation of cytokine production (GO:0001818)	-1.745994054198515	0.0434215882419171																																				
130	adipose tissue development (GO:0060612)	-1.7485747594488603	0.0424150418930557																																				
131	lipoprotein catabolic process (GO:0042159)	-1.7485905774076775	0.0426463886308407																																				
132	positive regulation of leukocyte degranulation (GO:0043302)	-1.7494352479904114	0.0423499284666929																																				
133	response to lipid (GO:0033993)	-1.7496405827132444	0.042499307643348																																				
134	inflammatory response (GO:0006954)	-1.750433498288502	0.0423821525388288																																				
135	positive regulation of cellular response to transforming growth factor beta stimulus (GO:1903846)	-1.7510526715431476	0.0422849494888668																																				
136	positive regulation of transforming growth factor beta receptor signaling pathway (GO:0030511)	-1.7510526715431476	0.0422849494888668																																				
137	negative regulation of MAP kinase activity (GO:0043407)	-1.7516189466895584	0.0425252611698024																																				
138	tryptophan metabolic process (GO:0006568)	-1.7516474349046638	0.0427739469076375																																				
139	Arp2/3 complex-mediated actin nucleation (GO:0034314)	-1.7517682838037925	0.0429528923266626																																				
140	phagosome acidification (GO:0090383)	-1.7524309421016004	0.0428342618023575																																				
141	regulation of small GTPase mediated signal transduction (GO:0051056)	-1.752571102287248	0.0430304027622602																																				
142	regulation of reactive oxygen species biosynthetic process (GO:1903426)	-1.7566263654525656	0.0413130331651531																																				
143	negative regulation of ubiquitin-dependent protein catabolic process (GO:2000059)	-1.7568863416983398	0.041450281325726																																				
144	negative regulation of proteasomal ubiquitin-dependent protein catabolic process (GO:0032435)	-1.759817430634966	0.0401367532333148																																				
145	positive regulation of cell-substrate adhesion (GO:0010811)	-1.7607157832583815	0.0399144773434269																																				
146	regulation of cellular biosynthetic process (GO:0031326)	-1.7627239916659407	0.0392423328446268																																				
147	response to lipopolysaccharide (GO:0032496)	-1.763703102079185	0.0390499189341724																																				
148	regulation of fibroblast proliferation (GO:0048145)	-1.763897864329956	0.0392234097157136																																				
149	natural killer cell mediated cytotoxicity (GO:0042267)	-1.7640567454420333	0.0394067898980699																																				
150	positive regulation of T cell activation (GO:0050870)	-1.7667004722269108	0.0385436179657981																																				
151	DNA repair (GO:0006281)	-1.7673012534834769	0.0384748250244835																																				
152	positive regulation of double-strand break repair via homologous recombination (GO:1905168)	-1.76798093181873	0.0384366289263965																																				
153	cellular response to lipopolysaccharide (GO:0071222)	-1.7686479809273634	0.0383900244003382																																				
154	MyD88-independent toll-like receptor signaling pathway (GO:0002756)	-1.7719568958707097	0.0370995261352038																																				
155	regulation of peptidyl-tyrosine phosphorylation (GO:0050730)	-1.7727732357871822	0.0370035259943404																																				
156	microvillus organization (GO:0032528)	-1.774238959581439	0.0365590887902269																																				
157	regulation of Ras protein signal transduction (GO:0046578)	-1.7764756582645913	0.0358649900635585																																				
158	mononuclear cell differentiation (GO:1903131)	-1.7768519377691954	0.0359470686151091																																				
159	lipoprotein biosynthetic process (GO:0042158)	-1.7773050502166807	0.0359314157419601																																				
160	superoxide anion generation (GO:0042554)	-1.777925195628557	0.0358326452082763																																				
161	regulation of response to biotic stimulus (GO:0002831)	-1.7780043792987916	0.0360497173535889																																				
162	regulation of myoblast fusion (GO:1901739)	-1.7782340337683924	0.0362109179772638																																				
163	response to copper ion (GO:0046688)	-1.7788953947742618	0.036103571197463																																				
164	hepatocyte growth factor receptor signaling pathway (GO:0048012)	-1.7794461216973874	0.0360543800342951																																				
165	cellular zinc ion homeostasis (GO:0006882)	-1.7807656697773355	0.0357728826791517																																				
166	regulation of chemokine production (GO:0032642)	-1.7813116471485002	0.0358157158334388																																				
167	antigen processing and presentation of exogenous peptide antigen via MHC class I, TAP-dependent (GO:0002479)	-1.781359625943155	0.0360592397296789																																				
168	negative regulation of B cell activation (GO:0050869)	-1.785948381339253	0.0341509742374611																																				
169	response to interferon-gamma (GO:0034341)	-1.7866445142761256	0.0341301977890135																																				
170	regulation of phagocytosis (GO:0050764)	-1.7873956078648598	0.0340113630590003																																				
171	cellular response to low-density lipoprotein particle stimulus (GO:0071404)	-1.7876508008043894	0.0341235480194999																																				
172	leukocyte cell-cell adhesion (GO:0007159)	-1.787805130951483	0.0342644215757878																																				
173	translation (GO:0006412)	-1.788242353396814	0.0342892844977904																																				
174	regulation of establishment or maintenance of cell polarity (GO:0032878)	-1.7891183014519674	0.0341955587714123																																				
175	positive regulation of cytokine production involved in inflammatory response (GO:1900017)	-1.7894908809643413	0.0342755918310541																																				
176	positive regulation of interleukin-10 production (GO:0032733)	-1.789893020650115	0.0343010995577279																																				
177	toll-like receptor 9 signaling pathway (GO:0034162)	-1.7903124528564924	0.034411220303791																																				
178	negative regulation of interferon-gamma production (GO:0032689)	-1.7924155523235965	0.0337403369918625																																				
179	double-strand break repair (GO:0006302)	-1.792904695231347	0.0338383358637634																																				
180	positive regulation of macrophage derived foam cell differentiation (GO:0010744)	-1.7936838040245155	0.0338037880829595																																				
181	negative regulation of apoptotic process (GO:0043066)	-1.7939888639297543	0.033990672516899																																				
182	regulation of RIG-I signaling pathway (GO:0039535)	-1.7973459888220311	0.0330132660908965																																				
183	protein transport (GO:0015031)	-1.798839828800495	0.0324811402030914																																				
184	cellular response to copper ion (GO:0071280)	-1.7994746855854729	0.0323852164253229																																				
185	cellular response to zinc ion (GO:0071294)	-1.7999002228415946	0.0324571042289189																																				
186	positive regulation of gene expression, epigenetic (GO:0045815)	-1.7999304601335353	0.032720983125089																																				
187	regulation of apoptotic process (GO:0042981)	-1.8009013748599076	0.0326246664914901																																				
188	T cell receptor signaling pathway (GO:0050852)	-1.800972981932116	0.0328738732795629																																				
189	cellular response to cytokine stimulus (GO:0071345)	-1.802622513744756	0.0324066286831567																																				
190	positive regulation of leukocyte cell-cell adhesion (GO:1903039)	-1.8040287407958984	0.0321495293365092																																				
191	neutrophil activation (GO:0042119)	-1.8044853007731447	0.0321811997626765																																				
192	phagosome maturation (GO:0090382)	-1.8062545061601432	0.0318016373745375																																				
193	DNA metabolic process (GO:0006259)	-1.8075524374701528	0.0315752707944485																																				
194	reverse cholesterol transport (GO:0043691)	-1.808523094915067	0.0313557093396391																																				
195	negative regulation of programmed cell death (GO:0043069)	-1.8099913005189816	0.0309264088349259																																				
196	negative regulation of lipid storage (GO:0010888)	-1.811687109714512	0.0305113742074273																																				
197	positive regulation of antigen receptor-mediated signaling pathway (GO:0050857)	-1.8116915843756196	0.0307837971914221																																				
198	positive regulation of p38MAPK cascade (GO:1900745)	-1.8134419607639127	0.0303488706408079																																				
199	T cell activation (GO:0042110)	-1.8145483497307504	0.0301081800275649																																				
200	positive regulation of inflammatory response (GO:0050729)	-1.8168293578886288	0.029466409863099																																				
201	natural killer cell mediated immunity (GO:0002228)	-1.8194468336593947	0.0287098115186797																																				
202	regulation of RNA metabolic process (GO:0051252)	-1.820513526251128	0.0285971401803296																																				
203	polarized epithelial cell differentiation (GO:0030859)	-1.8206766973256925	0.0288319625622005																																				
204	regulation of interferon-gamma-mediated signaling pathway (GO:0060334)	-1.822631243974565	0.0283535941646062																																				
205	regulation of erythrocyte differentiation (GO:0045646)	-1.824524338386216	0.0280560760004946																																				
206	regulation of cytokine production involved in inflammatory response (GO:1900015)	-1.8246665449153852	0.0282804913959426																																				
207	regulation of establishment of cell polarity (GO:2000114)	-1.826086556918485	0.0280975329041496																																				
208	DNA replication (GO:0006260)	-1.8265233987121905	0.0281800316351075																																				
209	recombinational repair (GO:0000725)	-1.827442976917992	0.0282394738893378																																				
210	positive regulation of immune effector process (GO:0002699)	-1.829990092058116	0.0276886947163855																																				
211	positive regulation of chemokine production (GO:0032722)	-1.830423218718743	0.0277695471004568																																				
212	regulation of inflammatory response (GO:0050727)	-1.8334115026129836	0.0268332438080449																																				
213	phospholipid transport (GO:0015914)	-1.8360418078844276	0.0260961892350071																																				
214	positive regulation of cholesterol efflux (GO:0010875)	-1.836389689861319	0.0262148452184487																																				
215	positive regulation of B cell proliferation (GO:0030890)	-1.8374142449439423	0.026099474667367																																				
216	lysosome localization (GO:0032418)	-1.8374276990931635	0.0263668311415609																																				
217	antigen processing and presentation of exogenous peptide antigen via MHC class I (GO:0042590)	-1.839632844156483	0.0255926610146249																																				
218	response to muramyl dipeptide (GO:0032495)	-1.8406708500755684	0.0254394999031944																																				
219	lymphocyte differentiation (GO:0030098)	-1.840693718742766	0.0257221610132299																																				
220	regulation of double-strand break repair via homologous recombination (GO:0010569)	-1.8521629679384428	0.022291326327463																																				
221	positive regulation of interleukin-8 production (GO:0032757)	-1.8542009546735725	0.0219831265960307																																				
222	response to exogenous dsRNA (GO:0043330)	-1.855485000738416	0.0218098329129951																																				
223	negative regulation of type I interferon production (GO:0032480)	-1.860032188494091	0.0207131993267539																																				
224	regulation of response to cytokine stimulus (GO:0060759)	-1.8631815749696856	0.0199686259708456																																				
225	regulation of interleukin-1 beta production (GO:0032651)	-1.863196001688256	0.0202063477085938																																				
226	fatty acid transport (GO:0015908)	-1.863898045650035	0.0202414300190259																																				
227	positive regulation of lymphocyte differentiation (GO:0045621)	-1.8640312987530423	0.0204581469078595																																				
228	double-strand break repair via homologous recombination (GO:0000724)	-1.8728315526965156	0.0183010750716683																																				
229	positive regulation of cytokine-mediated signaling pathway (GO:0001961)	-1.8785034477575029	0.016939360704617																																				
230	cellular response to cadmium ion (GO:0071276)	-1.880003989642879	0.0166377621727496																																				
231	regulation of interleukin-10 production (GO:0032653)	-1.88007553588098	0.016835229347178																																				
232	positive regulation of response to external stimulus (GO:0032103)	-1.8832065632167172	0.0162196248776406																																				
233	purinergic nucleotide receptor signaling pathway (GO:0035590)	-1.8834140768918664	0.0164330409944517																																				
234	response to cadmium ion (GO:0046686)	-1.883927225255824	0.0165368514347595																																				
235	myeloid leukocyte differentiation (GO:0002573)	-1.89002028655002	0.015307983706062																																				
236	positive regulation of I-kappaB kinase/NF-kappaB signaling (GO:0043123)	-1.89216747027462	0.0148746374889008																																				
237	type I interferon signaling pathway (GO:0060337)	-1.895531692165244	0.0143263103295404																																				
238	cellular response to type I interferon (GO:0071357)	-1.895531692165244	0.0143263103295404																																				
239	regulation of platelet activation (GO:0010543)	-1.8958703326897657	0.0145944537598315																																				
240	regulation of cytokine production (GO:0001817)	-1.8968238957018904	0.0146985482287562																																				
241	superoxide metabolic process (GO:0006801)	-1.8971104032338897	0.0148602038247377																																				
242	regulation of extrinsic apoptotic signaling pathway via death domain receptors (GO:1902041)	-1.8979407038960272	0.0148607461085689																																				
243	regulation of necroptotic process (GO:0060544)	-1.8990482942793	0.0148238708080513																																				
244	cytokine-mediated signaling pathway (GO:0019221)	-1.9002813640091007	0.0146718311074559																																				
245	I-kappaB kinase/NF-kappaB signaling (GO:0007249)	-1.906308230904977	0.0138587750523188																																				
246	positive regulation of ERBB signaling pathway (GO:1901186)	-1.9074310452365653	0.013902280956228																																				
247	mitotic sister chromatid segregation (GO:0000070)	-1.9088451869343352	0.0137080955859399																																				
248	regulation of programmed necrotic cell death (GO:0062098)	-1.9090945924879232	0.0138720648955125																																				
249	regulation of cellular component size (GO:0032535)	-1.9123060237690035	0.0134238385650687																																				
250	regulation of myeloid cell differentiation (GO:0045637)	-1.9224693030286983	0.0114947811774296																																				
251	positive regulation of response to biotic stimulus (GO:0002833)	-1.925132955628386	0.0113734870854877																																				
252	plasma membrane invagination (GO:0099024)	-1.9251396495591997	0.0115730219466366																																				
253	positive regulation of reactive oxygen species metabolic process (GO:2000379)	-1.9273470523328489	0.0114267337478729																																				
254	bone development (GO:0060348)	-1.9282953669207383	0.0114323488504517																																				
255	regulation of interleukin-8 production (GO:0032677)	-1.9310242764130563	0.0111636557937177																																				
256	regulation of macrophage derived foam cell differentiation (GO:0010743)	-1.93212015529334	0.0111412110790071																																				
257	Fc-epsilon receptor signaling pathway (GO:0038095)	-1.934892045174117	0.0108090724642041																																				
258	positive regulation of interferon-beta production (GO:0032728)	-1.9352579985189056	0.0109483490281686																																				
259	Fc receptor signaling pathway (GO:0038093)	-1.9448394665722788	0.0092155063523386																																				
260	positive regulation of type I interferon production (GO:0032481)	-1.9448539501177744	0.0094035779105496																																				
261	B cell differentiation (GO:0030183)	-1.9458868341124964	0.0093678628023102																																				
262	defense response to symbiont (GO:0140546)	-1.9485187732271183	0.0091203602311947																																				
263	cellular macromolecule biosynthetic process (GO:0034645)	-1.9767766548136183	0.00561266122986																																				
264	defense response to virus (GO:0051607)	-1.97821594785868	0.005572677359323																																				
265	positive regulation of cellular catabolic process (GO:0031331)	-1.9785635819800795	0.0056712536045954																																				
266	positive regulation of B cell activation (GO:0050871)	-1.9852876712741503	0.0051136608601417																																				
267	antigen receptor-mediated signaling pathway (GO:0050851)	-1.9878953040278071	0.0049118778272709																																				
268	positive regulation of interleukin-1 beta production (GO:0032731)	-1.992660222714841	0.004429083351186																																				
269	regulation of interleukin-6 production (GO:0032675)	-1.99898173283258	0.0040147983438472																																				
270	positive regulation of defense response (GO:0031349)	-2.0021560581033824	0.0038009925148849																																				
271	regulation of sequestering of triglyceride (GO:0010889)	-2.0124836729614466	0.0030557979297298																																				
272	regulation of B cell activation (GO:0050864)	-2.0131253906333435	0.0031383870629658																																				
273	regulation of mast cell degranulation (GO:0043304)	-2.023213667974069	0.0026422177134721																																				
274	regulation of interferon-beta production (GO:0032648)	-2.0243859747849164	0.0025765299261613																																				
275	positive regulation of tumor necrosis factor superfamily cytokine production (GO:1903557)	-2.024576326381057	0.0026523102181072																																				
276	regulation of innate immune response (GO:0045088)	-2.0246937266775347	0.0027326832550195																																				
277	positive regulation of interleukin-1 production (GO:0032732)	-2.029436763203988	0.0025478527951338																																				
278	positive regulation of tumor necrosis factor production (GO:0032760)	-2.034926375676987	0.002351097789449																																				
279	positive regulation of immune response (GO:0050778)	-2.0365631169539977	0.0023059354590302																																				
280	regulation of defense response (GO:0031347)	-2.037357066850637	0.0023854504748588																																				
281	nuclear-transcribed mRNA catabolic process (GO:0000956)	-2.053230246450936	0.0018971025141256																																				
282	regulation of immune response (GO:0050776)	-2.0540920770263678	0.0019216128825251																																				
283	nuclear-transcribed mRNA catabolic process, nonsense-mediated decay (GO:0000184)	-2.058958409321206	0.0017104466316982																																				
284	positive regulation of interleukin-6 production (GO:0032755)	-2.0605086520222367	0.0017788644969661																																				
285	regulation of cholesterol storage (GO:0010885)	-2.0644932423431683	0.0016985685300892																																				
286	regulation of antigen receptor-mediated signaling pathway (GO:0050854)	-2.0698522301435087	0.0014501612747006																																				
287	cotranslational protein targeting to membrane (GO:0006613)	-2.08104118030704	0.0010107184641853																																				
288	SRP-dependent cotranslational protein targeting to membrane (GO:0006614)	-2.083569539372558	0.0009411981465429																																				
289	positive regulation of phagocytosis (GO:0050766)	-2.0947604288712567	0.0007411935404025																																				
290	cytoplasmic translation (GO:0002181)	-2.094766551127536	0.0007802037267395																																				
291	regulation of tumor necrosis factor production (GO:0032680)	-2.0991265335548626	0.0007549193467063																																				
292	regulation of B cell proliferation (GO:0030888)	-2.0994409411093446	0.0007993263671008																																				
293	positive regulation of cytokine production (GO:0001819)	-2.101508072850792	0.0008492842650446																																				
294	regulation of B cell receptor signaling pathway (GO:0050855)	-2.1103515419768653	0.0007411935404025																																				
295	B cell activation (GO:0042113)	-2.123441899236101	0.0006176612836688																																				
296	protein targeting to ER (GO:0045047)	-2.1304999183605946	0.0006651736901048																																				
297	vascular endothelial growth factor receptor signaling pathway (GO:0048010)	-2.150154004052234	0.0004117741891125																																				
298	toll-like receptor signaling pathway (GO:0002224)	-2.160948284321898	0.0003369061547284																																				
299	Fc receptor mediated stimulatory signaling pathway (GO:0002431)	-2.174360485261912	0.0003705967702012																																				
300	Fc-gamma receptor signaling pathway involved in phagocytosis (GO:0038096)	-2.188062104574395	0.000274516126075																																				
301	neutrophil mediated immunity (GO:0002446)	-2.188793783026415	0.0003088306418344																																				
302	neutrophil degranulation (GO:0043312)	-2.195856739118615	0.0001764746524768																																				
303	Fc-gamma receptor signaling pathway (GO:0038094)	-2.2001705006489782	0.0002058870945562																																				
304	neutrophil activation involved in immune response (GO:0002283)	-2.206442166081449	0.0002470645134675																																				
305	innate immune response (GO:0045087)	-2.210624571216763	0.0003088306418344																																				
306	B cell receptor signaling pathway (GO:0050853)	-2.222358020380671	0.0004117741891125																																				
307	pattern recognition receptor signaling pathway (GO:0002221)	-2.234900509546576	0.0006176612836688																																				
308	regulation of cytokine-mediated signaling pathway (GO:0001959)	-2.2577473554248453	0.0012353225673376																																				
